n,algorithm,time,cpu,memory
256,numpy,0.00043560001843919355,5.1499999999999995,0.40234375
256,blocked,0.0017026333371177316,8.333333333333334,0.0546875
256,naive,1.6979473000004266,17.933333333333334,0.68359375
