n,sparsity,density,time,cpu,memory
1024,0.9,0.09999999999999998,0.061025599987866976,10.683333333333332,-0.09635416666666667
1024,0.95,0.050000000000000044,0.03668506668570141,11.4,-0.014322916666666666
1024,0.99,0.010000000000000009,0.013617733318824321,9.016666666666666,-0.2825520833333333
1024,0.995,0.0050000000000000044,0.01222179998876527,18.05,0.54296875
